INSERT INTO Drug (drug_name, description, available, license_AEMPS, license_EMA, license_FDA, priority) VALUES ('Furosemide', 'Loop diuretic to treat fluid retention', 'Yes', 'Nd', 'Nd', 'Yes', 2);
INSERT INTO Drug (drug_name, description, available, license_AEMPS, license_EMA, license_FDA, priority) VALUES ('Gentamicin', 'Aminoglycoside antibiotic to treat different infections mainly caused by Gram-', 'Yes', 'Yes', 'Yes', 'Yes', 1);
INSERT INTO Drug (drug_name, description, available, license_AEMPS, license_EMA, license_FDA, priority) VALUES ('Atropine', 'Atropine is a parasympatholitic agent that blocks the muscarinic receptor inhibiting the effect of acetylcholine. Emergency drug to treat poisonings and for ophtalmical examination. Also used as a preanaesthesic agent.', 'Yes', 'Nd', 'Nd', 'Yes', 3);
INSERT INTO Drug (drug_name, description, available, license_AEMPS, license_EMA, license_FDA, priority) VALUES ('Butorphanol', 'Opioid analgesic, used as cough suppressant too', 'Nd', 'Yes', 'Yes', 'Yes', 4);
INSERT INTO Drug (drug_name, description, available, license_AEMPS, license_EMA, license_FDA, priority) VALUES ('Ciprofloxacin', 'Second-generation fluoroquinolone with broad antimicrobial action, including Gram-negative', 'Nd', 'Nd', 'Nd', 'Nd', 5);
INSERT INTO Drug (drug_name, description, available, license_AEMPS, license_EMA, license_FDA, priority) VALUES ('Diazepam', 'Benzodiazepine drug to reduce tension and anxiety used for sedation and general anaesthesia and to control seizures', 'Yes', 'Nd', 'Nd', 'Nd', 6);
INSERT INTO Drug (drug_name, description, available, license_AEMPS, license_EMA, license_FDA, priority) VALUES ('Fenbendazol', 'Broad spectrum benzimidazole anthelmintic against GI parasites', 'Yes', 'Yes', 'Yes', 'Yes', 7);
INSERT INTO Drug (drug_name, description, available, license_AEMPS, license_EMA, license_FDA, priority) VALUES ('Florfenicol', 'Amphenicols, inhibitor of peptidyltransferase', 'Yes', 'Yes', 'Yes', 'Yes', 8);
INSERT INTO Drug (drug_name, description, available, license_AEMPS, license_EMA, license_FDA, priority) VALUES ('Prednisolone', 'Steroidal Antiinflammatory agent with immunosuppressant activity', 'Nd', 'Yes', 'Yes', 'Yes', 9);
INSERT INTO Code (code_number, anatomic_group, therapeutic_group, drug_name) VALUES ('QC03CA01', 'Cardiovascular system', 'Diuretics', 'Furosemide');
INSERT INTO Code (code_number, anatomic_group, therapeutic_group, drug_name) VALUES ('QA07AA91', 'Alimentary tract and metabolism', 'Antidiarrheals, intestinal anti-inflammatory/antiinfective agents', 'Gentamicin');
INSERT INTO Code (code_number, anatomic_group, therapeutic_group, drug_name) VALUES ('QD06AX07', 'Dermatologicals', 'Antibiotics and chemotherapeutics for dermatological use', 'Gentamicin');
INSERT INTO Code (code_number, anatomic_group, therapeutic_group, drug_name) VALUES ('QG01AA91', 'Genito urinary system and sex hormones', 'Gynecological antiinfectives and antiseptics', 'Gentamicin');
INSERT INTO Code (code_number, anatomic_group, therapeutic_group, drug_name) VALUES ('QJ01GB03', 'Genito urinary system and sex hormones. Antiinfectives for systemic use', 'Antiinfectives and antiseptics for intrauterine use. Antibacterials for sistemic use', 'Gentamicin');
INSERT INTO Code (code_number, anatomic_group, therapeutic_group, drug_name) VALUES ('QJ51GB03', 'Antiinfectives for systemic use', 'Antibacterials for intrammary use', 'Gentamicin');
INSERT INTO Code (code_number, anatomic_group, therapeutic_group, drug_name) VALUES ('QS01AA11', 'Sensory organs', 'Ophtalmologicals', 'Gentamicin');
INSERT INTO Code (code_number, anatomic_group, therapeutic_group, drug_name) VALUES ('QS02AA14', 'Sensory organs', 'Otologicals', 'Gentamicin');
INSERT INTO Code (code_number, anatomic_group, therapeutic_group, drug_name) VALUES ('QS03AA06', 'Sensory organs', 'Ophtalmologicals and otologicals preparations', 'Gentamicin');
INSERT INTO Code (code_number, anatomic_group, therapeutic_group, drug_name) VALUES ('QA03BA01', 'Alimentary tract and metabolism', 'Drugs for functional gastrointestinal disorders', 'Atropine');
INSERT INTO Code (code_number, anatomic_group, therapeutic_group, drug_name) VALUES ('QN02AF01', 'Sensory organs', 'Ophtalmologicals', 'Atropine');
INSERT INTO Code (code_number, anatomic_group, therapeutic_group, drug_name) VALUES ('QS01FA01', 'Nervous system', 'Analgesics', 'Butorphanol');
INSERT INTO Code (code_number, anatomic_group, therapeutic_group, drug_name) VALUES ('QR05DA90', 'Respiratory system', 'Cough and cold preparations', 'Butorphanol');
INSERT INTO Code (code_number, anatomic_group, therapeutic_group, drug_name) VALUES ('QJ01MA02', 'Antiinfectives for systemic use', 'Antibacterials for systemic use', 'Ciprofloxacin');
INSERT INTO Code (code_number, anatomic_group, therapeutic_group, drug_name) VALUES ('QS01AE03', 'Sensory organs', 'Ophthalmologicals and Otologicals', 'Ciprofloxacin');
INSERT INTO Code (code_number, anatomic_group, therapeutic_group, drug_name) VALUES ('QS02AA15', 'Sensory organs', 'Otologicals', 'Ciprofloxacin');
INSERT INTO Code (code_number, anatomic_group, therapeutic_group, drug_name) VALUES ('QS03AA07', 'Sensory organs', 'Ophtalmologicals and otologicals preparations', 'Ciprofloxacin');
INSERT INTO Code (code_number, anatomic_group, therapeutic_group, drug_name) VALUES ('QN05BA01', 'Nervous system', 'Psycholeptics', 'Diazepam');
INSERT INTO Code (code_number, anatomic_group, therapeutic_group, drug_name) VALUES ('QP52AC13', 'Antiparasitic products, insecticides and repellents', 'Anthelmintics', 'Fenbendazol');
INSERT INTO Code (code_number, anatomic_group, therapeutic_group, drug_name) VALUES ('QJ01BA90', 'Antiinfectives for systemic use', 'Antibacterials for systemic use.Antibacterials for intramammary use', 'Florfenicol');
INSERT INTO Code (code_number, anatomic_group, therapeutic_group, drug_name) VALUES ('QA07EA01', 'Alimentary tract and metabolism', 'Intestinal antiinflammatory agents', 'Prednisolone');
INSERT INTO Code (code_number, anatomic_group, therapeutic_group, drug_name) VALUES ('QD07AA03', 'Dermatologicals', 'Corticosteroids, dermatological preparations', 'Prednisolone');
INSERT INTO Code (code_number, anatomic_group, therapeutic_group, drug_name) VALUES ('QH02AB06', 'Systemic hormonal preparations, excl. sex hormones and insulins', 'Corticosteroids for systemic use', 'Prednisolone');
INSERT INTO Code (code_number, anatomic_group, therapeutic_group, drug_name) VALUES ('QR01AD02', 'Respiratory system', 'Decongestants and other nasal preparations for topical use', 'Prednisolone');
INSERT INTO Code (code_number, anatomic_group, therapeutic_group, drug_name) VALUES ('QS01BA02', 'Sensory organs', 'Ophtalmologicals and otologicals preparations.Antiinflamatory agents', 'Prednisolone');
INSERT INTO Code (code_number, anatomic_group, therapeutic_group, drug_name) VALUES ('QS01BA03', 'Sensory organs', 'Ophtalmologicals and otologicals preparations.Antiinflamatory agents', 'Prednisolone');
INSERT INTO Code (code_number, anatomic_group, therapeutic_group, drug_name) VALUES ('QS01BA06', 'Sensory organs', 'Ophtalmologicals and otologicals preparations.Antiinflamatory agents', 'Prednisolone');
INSERT INTO Animal_Type (group_name) VALUES ('Cetaceans');
INSERT INTO Animal_Type (group_name) VALUES ('Pinnipeds');
INSERT INTO Animal_Type (group_name) VALUES ('Other MM');
INSERT INTO Animal (animal_name, family, group_name, drug_name) VALUES ('', '', 'Cetaceans', 'Furosemide');
INSERT INTO Animal (animal_name, family, group_name, drug_name) VALUES ('Bottlenose dolphins', '', 'Cetaceans', 'Furosemide');
INSERT INTO Animal (animal_name, family, group_name, drug_name) VALUES ('Californian sea lions', 'Otariids', 'Pinnipeds', 'Furosemide');
INSERT INTO Animal (animal_name, family, group_name, drug_name) VALUES ('Harbor seals', 'Phocids', 'Pinnipeds', 'Furosemide');
INSERT INTO Animal (animal_name, family, group_name, drug_name) VALUES ('Sea otters (Enhydra lutris)', '', 'Other MM', 'Furosemide');
INSERT INTO Animal (animal_name, family, group_name, drug_name) VALUES ('', '', 'Cetaceans', 'Gentamicin');
INSERT INTO Animal (animal_name, family, group_name, drug_name) VALUES ('', '', 'Pinnipeds', 'Gentamicin');
INSERT INTO Animal (animal_name, family, group_name, drug_name) VALUES ('Sirenians', '', 'Other MM', 'Gentamicin');
INSERT INTO Animal (animal_name, family, group_name, drug_name) VALUES ('Manatees', '', 'Other MM', 'Gentamicin');
INSERT INTO Animal (animal_name, family, group_name, drug_name) VALUES ('Sea otters', '', 'Other MM', 'Gentamicin');
INSERT INTO Animal (animal_name, family, group_name, drug_name) VALUES ('Florida manatees', '', 'Other MM', 'Gentamicin');
INSERT INTO Animal (animal_name, family, group_name, drug_name) VALUES ('', '', 'Cetaceans', 'Atropine');
INSERT INTO Animal (animal_name, family, group_name, drug_name) VALUES ('Bottlenose dolphin (Tursiops truncatus)', '', 'Cetaceans', 'Atropine');
INSERT INTO Animal (animal_name, family, group_name, drug_name) VALUES ('Killer whale (Orcinus orca)', '', 'Cetaceans', 'Atropine');
INSERT INTO Animal (animal_name, family, group_name, drug_name) VALUES ('', 'Otariids', 'Pinnipeds', 'Atropine');
INSERT INTO Animal (animal_name, family, group_name, drug_name) VALUES ('', 'Phocids', 'Pinnipeds', 'Atropine');
INSERT INTO Animal (animal_name, family, group_name, drug_name) VALUES ('Walrus', 'Odobenids', 'Pinnipeds', 'Atropine');
INSERT INTO Animal (animal_name, family, group_name, drug_name) VALUES ('Sea otters (Enhydra lutris)', '', 'Other MM', 'Atropine');
INSERT INTO Animal (animal_name, family, group_name, drug_name) VALUES ('', '', 'Cetaceans', 'Butorphanol');
INSERT INTO Animal (animal_name, family, group_name, drug_name) VALUES ('Bottlenose dolphin', '', 'Cetaceans', 'Butorphanol');
INSERT INTO Animal (animal_name, family, group_name, drug_name) VALUES ('Bottlenose dolphin and Killer Whale', '', 'Cetaceans', 'Butorphanol');
INSERT INTO Animal (animal_name, family, group_name, drug_name) VALUES ('', 'Otariids', 'Pinnipeds', 'Butorphanol');
INSERT INTO Animal (animal_name, family, group_name, drug_name) VALUES ('California sea lion', 'Otariids', 'Pinnipeds', 'Butorphanol');
INSERT INTO Animal (animal_name, family, group_name, drug_name) VALUES ('Steller sea lion', 'Otariids', 'Pinnipeds', 'Butorphanol');
INSERT INTO Animal (animal_name, family, group_name, drug_name) VALUES ('', 'Phocids', 'Pinnipeds', 'Butorphanol');
INSERT INTO Animal (animal_name, family, group_name, drug_name) VALUES ('Harbor seal', 'Phocids', 'Pinnipeds', 'Butorphanol');
INSERT INTO Animal (animal_name, family, group_name, drug_name) VALUES ('Florida Manatee', '', 'Other MM', 'Butorphanol');
INSERT INTO Animal (animal_name, family, group_name, drug_name) VALUES ('Sea otter', '', 'Other MM', 'Butorphanol');
INSERT INTO Animal (animal_name, family, group_name, drug_name) VALUES ('Asian small-dawed otter', '', 'Other MM', 'Butorphanol');
INSERT INTO Animal (animal_name, family, group_name, drug_name) VALUES ('Bottlenose dolphin', '', 'Cetaceans', 'Ciprofloxacin');
INSERT INTO Animal (animal_name, family, group_name, drug_name) VALUES ('Killer Whale', '', 'Cetaceans', 'Ciprofloxacin');
INSERT INTO Animal (animal_name, family, group_name, drug_name) VALUES ('Beluga Whale', '', 'Cetaceans', 'Ciprofloxacin');
INSERT INTO Animal (animal_name, family, group_name, drug_name) VALUES ('Walrus', 'Otariids', 'Pinnipeds', 'Ciprofloxacin');
INSERT INTO Animal (animal_name, family, group_name, drug_name) VALUES ('Harbor seal', 'Phocids', 'Pinnipeds', 'Ciprofloxacin');
INSERT INTO Animal (animal_name, family, group_name, drug_name) VALUES ('', '', 'Pinnipeds', 'Ciprofloxacin');
INSERT INTO Animal (animal_name, family, group_name, drug_name) VALUES ('', '', 'Cetaceans', 'Diazepam');
INSERT INTO Animal (animal_name, family, group_name, drug_name) VALUES ('Dolphins (Tursiops truncatus)', '', 'Cetaceans', 'Diazepam');
INSERT INTO Animal (animal_name, family, group_name, drug_name) VALUES ('Dolphins, Atlantic bottlenose dolphins (Tursiops truncatus)', '', 'Cetaceans', 'Diazepam');
INSERT INTO Animal (animal_name, family, group_name, drug_name) VALUES ('Killer whale (Orcinus orca)', '', 'Cetaceans', 'Diazepam');
INSERT INTO Animal (animal_name, family, group_name, drug_name) VALUES ('Orcinus orca', '', 'Cetaceans', 'Diazepam');
INSERT INTO Animal (animal_name, family, group_name, drug_name) VALUES ('Harbor seal (Phoca vitulina)', 'Phocids', 'Pinnipeds', 'Diazepam');
INSERT INTO Animal (animal_name, family, group_name, drug_name) VALUES ('Grey seal (Halichoerus grypus)', 'Phocids', 'Pinnipeds', 'Diazepam');
INSERT INTO Animal (animal_name, family, group_name, drug_name) VALUES ('', 'Otariids', 'Pinnipeds', 'Diazepam');
INSERT INTO Animal (animal_name, family, group_name, drug_name) VALUES ('Manatees (Florida Manatee, Trichechus manatus latirostris)', '', 'Other MM', 'Diazepam');
INSERT INTO Animal (animal_name, family, group_name, drug_name) VALUES ('Manatees', '', 'Other MM', 'Diazepam');
INSERT INTO Animal (animal_name, family, group_name, drug_name) VALUES ('Polar bear', '', 'Other MM', 'Diazepam');
INSERT INTO Animal (animal_name, family, group_name, drug_name) VALUES ('Sea otter', '', 'Other MM', 'Diazepam');
INSERT INTO Animal (animal_name, family, group_name, drug_name) VALUES ('', '', 'Cetaceans', 'Fenbendazol');
INSERT INTO Animal (animal_name, family, group_name, drug_name) VALUES ('Killer whales', '', 'Cetaceans', 'Fenbendazol');
INSERT INTO Animal (animal_name, family, group_name, drug_name) VALUES ('Common bottlenose dolphin', '', 'Cetaceans', 'Fenbendazol');
INSERT INTO Animal (animal_name, family, group_name, drug_name) VALUES ('Californian sea lion', 'Otariids', 'Pinnipeds', 'Fenbendazol');
INSERT INTO Animal (animal_name, family, group_name, drug_name) VALUES ('Northern elephant seal', 'Phocids', 'Pinnipeds', 'Fenbendazol');
INSERT INTO Animal (animal_name, family, group_name, drug_name) VALUES ('Manatees', '', 'Other MM', 'Fenbendazol');
INSERT INTO Animal (animal_name, family, group_name, drug_name) VALUES ('Polar bear', '', 'Other MM', 'Fenbendazol');
INSERT INTO Animal (animal_name, family, group_name, drug_name) VALUES ('Beluga whale', '', 'Cetaceans', 'Florfenicol');
INSERT INTO Animal (animal_name, family, group_name, drug_name) VALUES ('Common bottlenose dolphin', '', 'Cetaceans', 'Florfenicol');
INSERT INTO Animal (animal_name, family, group_name, drug_name) VALUES ('', '', 'Cetaceans', 'Prednisolone');
INSERT INTO Animal (animal_name, family, group_name, drug_name) VALUES ('Bottlenose dolphin', '', 'Cetaceans', 'Prednisolone');
INSERT INTO Animal (animal_name, family, group_name, drug_name) VALUES ('Killer whale', '', 'Cetaceans', 'Prednisolone');
INSERT INTO Animal (animal_name, family, group_name, drug_name) VALUES ('Californian sea lion', 'Otariids', 'Pinnipeds', 'Prednisolone');
INSERT INTO Animal (animal_name, family, group_name, drug_name) VALUES ('Harbor seal', 'Otariids', 'Pinnipeds', 'Prednisolone');
INSERT INTO Animal (animal_name, family, group_name, drug_name) VALUES ('Polar bear', '', 'Other MM', 'Prednisolone');
INSERT INTO Category (category_name) VALUES ('Small odontocetes');
INSERT INTO Category (category_name) VALUES ('General');
INSERT INTO Category (category_name) VALUES ('Pups');
INSERT INTO Category (category_name) VALUES ('Adults');
INSERT INTO Category (category_name) VALUES ('30-80 kg');
INSERT INTO Category (category_name) VALUES ('>80 kg');
INSERT INTO Category (category_name) VALUES ('adult males up to 280 Kg');
INSERT INTO Category (category_name) VALUES ('female');
INSERT INTO Category (category_name) VALUES ('≤30 kg');
INSERT INTO Category (category_name) VALUES ('');
INSERT INTO Drug_aplicated_to_Animal_Type (drug_name, group_name, general_note) VALUES ('Furosemide', 'Cetaceans', 'May increase ototoxicity and nephrotoxicity of cephalosporins (e.g. gentamicin)');
INSERT INTO Drug_aplicated_to_Animal_Type (drug_name, group_name, general_note) VALUES ('Furosemide', 'Cetaceans', 'Potassium depletion (if concurrent steroid administration consider alternative diuretic)');
INSERT INTO Drug_aplicated_to_Animal_Type (drug_name, group_name, general_note) VALUES ('Furosemide', 'Cetaceans', 'Increased renal loss of thiamine and pyridoxine');
INSERT INTO Drug_aplicated_to_Animal_Type (drug_name, group_name, general_note) VALUES ('Furosemide', 'Cetaceans', 'Extreme care with dehydrated animals (as some stranded)');
INSERT INTO Drug_aplicated_to_Animal_Type (drug_name, group_name, general_note) VALUES ('Furosemide', 'Pinnipeds', 'May increase ototoxicity and nephrotoxicity of cephalosporins (e.g. gentamicin)');
INSERT INTO Drug_aplicated_to_Animal_Type (drug_name, group_name, general_note) VALUES ('Furosemide', 'Pinnipeds', 'Potassium depletion (if concurrent steroid administration consider alternative diuretic)');
INSERT INTO Drug_aplicated_to_Animal_Type (drug_name, group_name, general_note) VALUES ('Furosemide', 'Pinnipeds', 'Increased renal loss of thiamine and pyridoxine');
INSERT INTO Drug_aplicated_to_Animal_Type (drug_name, group_name, general_note) VALUES ('Furosemide', 'Pinnipeds', 'Extreme care with dehydrated animals (as some stranded)');
INSERT INTO Drug_aplicated_to_Animal_Type (drug_name, group_name, general_note) VALUES ('Furosemide', 'Other MM', 'May increase ototoxicity and nephrotoxicity of cephalosporins (e.g. gentamicin)');
INSERT INTO Drug_aplicated_to_Animal_Type (drug_name, group_name, general_note) VALUES ('Furosemide', 'Other MM', 'Potassium depletion (if concurrent steroid administration consider alternative diuretic)');
INSERT INTO Drug_aplicated_to_Animal_Type (drug_name, group_name, general_note) VALUES ('Furosemide', 'Other MM', 'Increased renal loss of thiamine and pyridoxine');
INSERT INTO Drug_aplicated_to_Animal_Type (drug_name, group_name, general_note) VALUES ('Furosemide', 'Other MM', 'Extreme care with dehydrated animals (as some stranded)');
INSERT INTO Drug_aplicated_to_Animal_Type (drug_name, group_name, general_note) VALUES ('Gentamicin', 'Cetaceans', 'Ototoxicity and nephrotoxicity are common problems for its clinical use, consider alternative antibacterial');
INSERT INTO Drug_aplicated_to_Animal_Type (drug_name, group_name, general_note) VALUES ('Gentamicin', 'Cetaceans', 'Ototoxicity and nephrotoxicity caused by gentamicin can be increased by furosemide');
INSERT INTO Drug_aplicated_to_Animal_Type (drug_name, group_name, general_note) VALUES ('Gentamicin', 'Pinnipeds', 'Ototoxicity and nephrotoxicity are common problems for its clinical use, consider alternative antibacterial');
INSERT INTO Drug_aplicated_to_Animal_Type (drug_name, group_name, general_note) VALUES ('Gentamicin', 'Pinnipeds', 'Ototoxicity and nephrotoxicity caused by gentamicin can be increased by furosemide');
INSERT INTO Drug_aplicated_to_Animal_Type (drug_name, group_name, general_note) VALUES ('Gentamicin', 'Other MM', 'Ototoxicity and nephrotoxicity are common problems for its clinical use, consider alternative antibacterial');
INSERT INTO Drug_aplicated_to_Animal_Type (drug_name, group_name, general_note) VALUES ('Atropine', 'Pinnipeds', 'If it is used as preanesthetic is recommended to control the value of end-tidal carbon dioxide (ETCO2). In otariids, some anesthetists do not recommend its use, especially with alpha-2 agonists and glycopyrrolate has been suggested as an alternative.');
INSERT INTO Drug_aplicated_to_Animal_Type (drug_name, group_name, general_note) VALUES ('Butorphanol', 'Cetaceans', 'Excitatory reaction with bonchodilatadors');
INSERT INTO Drug_aplicated_to_Animal_Type (drug_name, group_name, general_note) VALUES ('Butorphanol', 'Cetaceans', 'Reverses with naltrexone (0.005 mg/kg) or naloxone (5-10 mg/kg),  IV or IM');
INSERT INTO Drug_aplicated_to_Animal_Type (drug_name, group_name, general_note) VALUES ('Butorphanol', 'Pinnipeds', 'Muscle fasciculations');
INSERT INTO Drug_aplicated_to_Animal_Type (drug_name, group_name, general_note) VALUES ('Butorphanol', 'Other MM', 'In Manatees, reverses with naltrexone (1-2 mg/1 mg butorphanol), IV or IM');
INSERT INTO Drug_aplicated_to_Animal_Type (drug_name, group_name, general_note) VALUES ('Ciprofloxacin', 'Cetaceans', 'General dose for all marine mammals is 10 mg/kg PO BID (SRM)');
INSERT INTO Drug_aplicated_to_Animal_Type (drug_name, group_name, general_note) VALUES ('Ciprofloxacin', 'Pinnipeds', 'General dose for all marine mammals is 10 mg/kg PO BID (SRM)');
INSERT INTO Drug_aplicated_to_Animal_Type (drug_name, group_name, general_note) VALUES ('Ciprofloxacin', 'Other MM', 'General dose for all marine mammals is 10 mg/kg PO BID (SRM)');
INSERT INTO Drug_aplicated_to_Animal_Type (drug_name, group_name, general_note) VALUES ('Ciprofloxacin', 'Cetaceans', 'Marketed only for human use');
INSERT INTO Drug_aplicated_to_Animal_Type (drug_name, group_name, general_note) VALUES ('Ciprofloxacin', 'Pinnipeds', 'Marketed only for human use');
INSERT INTO Drug_aplicated_to_Animal_Type (drug_name, group_name, general_note) VALUES ('Ciprofloxacin', 'Other MM', 'Marketed only for human use');
INSERT INTO Drug_aplicated_to_Animal_Type (drug_name, group_name, general_note) VALUES ('Diazepam', 'Cetaceans', 'Reversal agent flumazenil');
INSERT INTO Drug_aplicated_to_Animal_Type (drug_name, group_name, general_note) VALUES ('Diazepam', 'Cetaceans', 'Increased sedation in animals receiving cimetidine, consider an alternative');
INSERT INTO Drug_aplicated_to_Animal_Type (drug_name, group_name, general_note) VALUES ('Diazepam', 'Pinnipeds', 'Reversal agent flumazenil');
INSERT INTO Drug_aplicated_to_Animal_Type (drug_name, group_name, general_note) VALUES ('Diazepam', 'Other MM', 'Reversal agent flumazenil');
INSERT INTO Drug_aplicated_to_Animal_Type (drug_name, group_name, general_note) VALUES ('Fenbendazol', 'Cetaceans', 'While it is generally safe, some side effects have been reported with the use of fenbendazole');
INSERT INTO Drug_aplicated_to_Animal_Type (drug_name, group_name, general_note) VALUES ('Fenbendazol', 'Cetaceans', 'The most common side effect associated with the use of fenbendazole is stomach upset (nausea and vomiting after treatment)');
INSERT INTO Drug_aplicated_to_Animal_Type (drug_name, group_name, general_note) VALUES ('Fenbendazol', 'Cetaceans', 'It is considered safe for use in pregnant females');
INSERT INTO Drug_aplicated_to_Animal_Type (drug_name, group_name, general_note) VALUES ('Fenbendazol', 'Pinnipeds', 'While it is generally safe, some side effects have been reported with the use of fenbendazole');
INSERT INTO Drug_aplicated_to_Animal_Type (drug_name, group_name, general_note) VALUES ('Fenbendazol', 'Pinnipeds', 'The most common side effect associated with the use of fenbendazole is stomach upset (nausea and vomiting after treatment)');
INSERT INTO Drug_aplicated_to_Animal_Type (drug_name, group_name, general_note) VALUES ('Fenbendazol', 'Pinnipeds', 'It is considered safe for use in pregnant females');
INSERT INTO Drug_aplicated_to_Animal_Type (drug_name, group_name, general_note) VALUES ('Fenbendazol', 'Other MM', 'While it is generally safe, some side effects have been reported with the use of fenbendazole');
INSERT INTO Drug_aplicated_to_Animal_Type (drug_name, group_name, general_note) VALUES ('Fenbendazol', 'Other MM', 'The most common side effect associated with the use of fenbendazole is stomach upset (nausea and vomiting after treatment)');
INSERT INTO Drug_aplicated_to_Animal_Type (drug_name, group_name, general_note) VALUES ('Fenbendazol', 'Other MM', 'It is considered safe for use in pregnant females');
INSERT INTO Drug_aplicated_to_Animal_Type (drug_name, group_name, general_note) VALUES ('Florfenicol', 'Cetaceans', 'Intramuscular and subcutaneous injection in animal can cause a transient local tissue reaction. Not to inject any more than 20 mL in the same place');
INSERT INTO Drug_aplicated_to_Animal_Type (drug_name, group_name, general_note) VALUES ('Florfenicol', 'Cetaceans', 'It produces an increase of Aspartate transaminase (AST) and Lactate dehydrogenase (LDH)');
INSERT INTO Drug_aplicated_to_Animal_Type (drug_name, group_name, general_note) VALUES ('Florfenicol', 'Pinnipeds', 'Intramuscular and subcutaneous injection in animal can cause a transient local tissue reaction. Not to inject any more than 20 mL in the same place');
INSERT INTO Drug_aplicated_to_Animal_Type (drug_name, group_name, general_note) VALUES ('Florfenicol', 'Pinnipeds', 'It produces an increase of Aspartate transaminase (AST) and Lactate dehydrogenase (LDH)');
INSERT INTO Drug_aplicated_to_Animal_Type (drug_name, group_name, general_note) VALUES ('Florfenicol', 'Other MM', 'Intramuscular and subcutaneous injection in animal can cause a transient local tissue reaction. Not to inject any more than 20 mL in the same place');
INSERT INTO Drug_aplicated_to_Animal_Type (drug_name, group_name, general_note) VALUES ('Prednisolone', 'Cetaceans', 'Secondary effects similar to other mammals');
INSERT INTO Drug_aplicated_to_Animal_Type (drug_name, group_name, general_note) VALUES ('Prednisolone', 'Cetaceans', 'Supplemental vitamin D, folate, ascorbic acid, and pyridoxine may be appropriate during prolonged steroid administrations');
INSERT INTO Drug_aplicated_to_Animal_Type (drug_name, group_name, general_note) VALUES ('Prednisolone', 'Cetaceans', 'Interacts with estrogens');
INSERT INTO Drug_aplicated_to_Animal_Type (drug_name, group_name, general_note) VALUES ('Prednisolone', 'Cetaceans', 'Antacids with di- and trivalent cations also decrease the absorptionof oral steroids, such as prednisolone');
INSERT INTO Drug_aplicated_to_Animal_Type (drug_name, group_name, general_note) VALUES ('Prednisolone', 'Pinnipeds', 'Secondary effects similar to other mammals');
INSERT INTO Drug_aplicated_to_Animal_Type (drug_name, group_name, general_note) VALUES ('Prednisolone', 'Pinnipeds', 'Supplemental vitamin D, folate, ascorbic acid, and pyridoxine may be appropriate during prolonged steroid administrations');
INSERT INTO Drug_aplicated_to_Animal_Type (drug_name, group_name, general_note) VALUES ('Prednisolone', 'Pinnipeds', 'Interacts with estrogens');
INSERT INTO Drug_aplicated_to_Animal_Type (drug_name, group_name, general_note) VALUES ('Prednisolone', 'Pinnipeds', 'Antacids with di- and trivalent cations also decrease the absorptionof oral steroids, such as prednisolone');
INSERT INTO Drug_aplicated_to_Animal_Type (drug_name, group_name, general_note) VALUES ('Prednisolone', 'Other MM', 'Secondary effects similar to other mammals');
INSERT INTO Drug_aplicated_to_Animal_Type (drug_name, group_name, general_note) VALUES ('Prednisolone', 'Other MM', 'Supplemental vitamin D, folate, ascorbic acid, and pyridoxine may be appropriate during prolonged steroid administrations');
INSERT INTO Drug_aplicated_to_Animal_Type (drug_name, group_name, general_note) VALUES ('Prednisolone', 'Other MM', 'Antacids with di- and trivalent cations also decrease the absorptionof oral steroids, such as prednisolone');
INSERT INTO Animal_has_Category (animal_name, drug_name, family, group_name, category_name, reference, specific_note, posology, route, dose) VALUES ('', 'Furosemide', '', 'Cetaceans', 'Small odontocetes', 'CRC', 'Consider reduce dose to transport', '', 'IM', '2.0-4.0 mg/kg');
INSERT INTO Animal_has_Category (animal_name, drug_name, family, group_name, category_name, reference, specific_note, posology, route, dose) VALUES ('Bottlenose dolphins', 'Furosemide', '', 'Cetaceans', '', 'FW5', '', '', 'IM', '2.0-4.0 mg/kg');
INSERT INTO Animal_has_Category (animal_name, drug_name, family, group_name, category_name, reference, specific_note, posology, route, dose) VALUES ('', 'Furosemide', '', 'Cetaceans', '', 'SRM', '', '', 'IM', '2.0-4.0 mg/kg');
INSERT INTO Animal_has_Category (animal_name, drug_name, family, group_name, category_name, reference, specific_note, posology, route, dose) VALUES ('Californian sea lions', 'Furosemide', 'Otariids', 'Pinnipeds', '', 'CRC', '', 'BID', 'IM, IV, PO', 'up to 5.0 mg/kg');
INSERT INTO Animal_has_Category (animal_name, drug_name, family, group_name, category_name, reference, specific_note, posology, route, dose) VALUES ('Harbor seals', 'Furosemide', 'Phocids', 'Pinnipeds', '', 'CRC', '', 'BID', 'IM, IV, PO', 'up to 5.0 mg/kg');
INSERT INTO Animal_has_Category (animal_name, drug_name, family, group_name, category_name, reference, specific_note, posology, route, dose) VALUES ('Sea otters (Enhydra lutris)', 'Furosemide', '', 'Other MM', '', 'CRC', '', '', 'IM', '2.0 mg/kg');
INSERT INTO Animal_has_Category (animal_name, drug_name, family, group_name, category_name, reference, specific_note, posology, route, dose) VALUES ('', 'Gentamicin', '', 'Cetaceans', '', 'CRC', 'Use with caution nephrotoxicity common', 'SID', 'IM', '4.0 mg/kg');
INSERT INTO Animal_has_Category (animal_name, drug_name, family, group_name, category_name, reference, specific_note, posology, route, dose) VALUES ('', 'Gentamicin', '', 'Cetaceans', '', 'CRC', 'Use with caution nephrotoxicity common', '', 'IT', '1.1 mg/kg');
INSERT INTO Animal_has_Category (animal_name, drug_name, family, group_name, category_name, reference, specific_note, posology, route, dose) VALUES ('', 'Gentamicin', '', 'Cetaceans', '', 'CRC', 'Use with caution nephrotoxicity common', 'BID', 'IM', '5.0 mg/kg');
INSERT INTO Animal_has_Category (animal_name, drug_name, family, group_name, category_name, reference, specific_note, posology, route, dose) VALUES ('', 'Gentamicin', '', 'Cetaceans', '', 'CRC', 'Duodenitis treatment in rough toothed dolphin', 'TID', 'PO', '2.5 mg/kg');
INSERT INTO Animal_has_Category (animal_name, drug_name, family, group_name, category_name, reference, specific_note, posology, route, dose) VALUES ('', 'Gentamicin', '', 'Pinnipeds', '', 'CRC', '', 'BID 2d then SID ', 'IT', '0.75 mg/kg');
INSERT INTO Animal_has_Category (animal_name, drug_name, family, group_name, category_name, reference, specific_note, posology, route, dose) VALUES ('Sirenians', 'Gentamicin', '', 'Other MM', '', 'CRC', '', 'SID', 'IM', '4.4 mg/kg');
INSERT INTO Animal_has_Category (animal_name, drug_name, family, group_name, category_name, reference, specific_note, posology, route, dose) VALUES ('Manatees', 'Gentamicin', '', 'Other MM', '', 'CRC', 'Hemorrhagic colitis treatment adjunct to metronidazole', 'TID', 'PO', '2.5 mg/kg');
INSERT INTO Animal_has_Category (animal_name, drug_name, family, group_name, category_name, reference, specific_note, posology, route, dose) VALUES ('Florida manatees', 'Gentamicin', '', 'Other MM', '', 'FW5', '', 'SID', 'IM', '1.0-2.0 mg/kg');
INSERT INTO Animal_has_Category (animal_name, drug_name, family, group_name, category_name, reference, specific_note, posology, route, dose) VALUES ('Sea otters', 'Gentamicin', '', 'Other MM', 'General', 'CRC', 'Nephrotoxicity reported', 'BID', 'IM', '4.4 mg/kg');
INSERT INTO Animal_has_Category (animal_name, drug_name, family, group_name, category_name, reference, specific_note, posology, route, dose) VALUES ('Sea otters', 'Gentamicin', '', 'Other MM', 'Pups', 'CRC', '', 'BID 5d', 'IM', '2.0 mg/kg');
INSERT INTO Animal_has_Category (animal_name, drug_name, family, group_name, category_name, reference, specific_note, posology, route, dose) VALUES ('Sea otters', 'Gentamicin', '', 'Other MM', 'Adults', 'CRC', '', 'TID', 'IM', '2.0 mg/kg');
INSERT INTO Animal_has_Category (animal_name, drug_name, family, group_name, category_name, reference, specific_note, posology, route, dose) VALUES ('', 'Atropine', '', 'Cetaceans', '', 'CRC', 'Use as preanesthetic agent', '', 'IM', '0.02 mg/kg');
INSERT INTO Animal_has_Category (animal_name, drug_name, family, group_name, category_name, reference, specific_note, posology, route, dose) VALUES ('Bottlenose dolphin (Tursiops truncatus)', 'Atropine', '', 'Cetaceans', '', 'FW5', 'Atropine sulfate', '', 'IM', '0.2 mg/kg');
INSERT INTO Animal_has_Category (animal_name, drug_name, family, group_name, category_name, reference, specific_note, posology, route, dose) VALUES ('Bottlenose dolphin (Tursiops truncatus)', 'Atropine', '', 'Cetaceans', '', 'FW5', 'For sedation and general anaesthesia', '', 'IM', '1.5-2.0 mg/kg');
INSERT INTO Animal_has_Category (animal_name, drug_name, family, group_name, category_name, reference, specific_note, posology, route, dose) VALUES ('Killer whale (Orcinus orca)', 'Atropine', '', 'Cetaceans', '', 'FW5', 'Atropine sulfate', '', 'IM', '0.2 mg/kg');
INSERT INTO Animal_has_Category (animal_name, drug_name, family, group_name, category_name, reference, specific_note, posology, route, dose) VALUES ('', 'Atropine', 'Otariids', 'Pinnipeds', '', 'CRC', 'Use as preanesthetic agent, at least 10 min prior to the anesthetic agent. To reduce secretions and prevents reflex bradycardia to the dive response.', '', 'IM', '0.02 mg/kg');
INSERT INTO Animal_has_Category (animal_name, drug_name, family, group_name, category_name, reference, specific_note, posology, route, dose) VALUES ('', 'Atropine', 'Phocids', 'Pinnipeds', '', 'CRC', 'Use as preanesthetic agent, at least 10 min prior to the anesthetic agent. To reduce secretions and prevents reflex bradycardia to the dive response.', '', 'IM', '0.02 mg/kg');
INSERT INTO Animal_has_Category (animal_name, drug_name, family, group_name, category_name, reference, specific_note, posology, route, dose) VALUES ('Walrus', 'Atropine', 'Odobenids', 'Pinnipeds', '', 'AWA', 'Recommended to prevent vagal induced bradycardia in immobilization protocols', '', 'IM, SC, IV', '0.04 mg/kg');
INSERT INTO Animal_has_Category (animal_name, drug_name, family, group_name, category_name, reference, specific_note, posology, route, dose) VALUES ('Sea otters (Enhydra lutris)', 'Atropine', '', 'Other MM', '', 'CRC', 'Few evidences of its use in sea otters', '', 'IM', '0.02-0.04 mg/kg');
INSERT INTO Animal_has_Category (animal_name, drug_name, family, group_name, category_name, reference, specific_note, posology, route, dose) VALUES ('', 'Butorphanol', '', 'Cetaceans', '', 'FW8', 'For sedation adequate for bronchoscopy and other minor procedures', '', 'IM', '0.05-0.15 mg/kg');
INSERT INTO Animal_has_Category (animal_name, drug_name, family, group_name, category_name, reference, specific_note, posology, route, dose) VALUES ('Bottlenose dolphin', 'Butorphanol', '', 'Cetaceans', '', 'AWA', 'For sedation and anesthesia during minor procedures. ', '', 'IM', '0.05-0.15 mg/kg');
INSERT INTO Animal_has_Category (animal_name, drug_name, family, group_name, category_name, reference, specific_note, posology, route, dose) VALUES ('Bottlenose dolphin', 'Butorphanol', '', 'Cetaceans', '', 'AWA', 'Drug reaction with bronchodilators', '', 'IM', '0.05-0.15 mg/kg');
INSERT INTO Animal_has_Category (animal_name, drug_name, family, group_name, category_name, reference, specific_note, posology, route, dose) VALUES ('Bottlenose dolphin and Killer Whale', 'Butorphanol', '', 'Cetaceans', '', 'AWA', 'For analgesia.', '', 'IM', '0.05-0.13 mg/kg');
INSERT INTO Animal_has_Category (animal_name, drug_name, family, group_name, category_name, reference, specific_note, posology, route, dose) VALUES ('Bottlenose dolphin and Killer Whale', 'Butorphanol', '', 'Cetaceans', '', 'AWA', 'In bottlenose dolphin can induce excitatory response.', '', 'IM', '0.05-0.13 mg/kg');
INSERT INTO Animal_has_Category (animal_name, drug_name, family, group_name, category_name, reference, specific_note, posology, route, dose) VALUES ('Bottlenose dolphin and Killer Whale', 'Butorphanol', '', 'Cetaceans', '', 'AWA', 'Reversal with naloxone (5-10 mg/kg) or naltrexone (0.005 mg/kg)', '', 'IM', '0.05-0.13 mg/kg');
INSERT INTO Animal_has_Category (animal_name, drug_name, family, group_name, category_name, reference, specific_note, posology, route, dose) VALUES ('', 'Butorphanol', 'Otariids', 'Pinnipeds', '', 'AWA', 'For analgesia', 'QID', 'IV, IM, PO', '0.05-0.2 mg/kg');
INSERT INTO Animal_has_Category (animal_name, drug_name, family, group_name, category_name, reference, specific_note, posology, route, dose) VALUES ('', 'Butorphanol', 'Otariids', 'Pinnipeds', '30-80 kg', 'FW8', 'For restraint and anaesthesic induction, with midazolam  (0.1-0.25 mg/kg)  followed by net and mask induction;intubate and ventilate, as needed', '', 'IM', '0.1-0.25 mg/kg');
INSERT INTO Animal_has_Category (animal_name, drug_name, family, group_name, category_name, reference, specific_note, posology, route, dose) VALUES ('', 'Butorphanol', 'Otariids', 'Pinnipeds', '>80 kg', 'FW8', 'For restraint and anaesthesic induction, with midazolam and medetomidine (0.1 mg/kg  + 0.035 mg/kg, IM)Follow by mask induction; intubate and assist or control ventilation, as needed', '', 'IM', '0.15 mg/kg');
INSERT INTO Animal_has_Category (animal_name, drug_name, family, group_name, category_name, reference, specific_note, posology, route, dose) VALUES ('California sea lion', 'Butorphanol', 'Otariids', 'Pinnipeds', '', 'AWA', 'For anesthesia, with medetomidine (0.07 mg/kg, IM).', '', 'IM', '0.2 mg/kg');
INSERT INTO Animal_has_Category (animal_name, drug_name, family, group_name, category_name, reference, specific_note, posology, route, dose) VALUES ('California sea lion', 'Butorphanol', 'Otariids', 'Pinnipeds', '', 'AWA', 'Warning: it can induce muscle jerks', '', 'IM', '0.2 mg/kg');
INSERT INTO Animal_has_Category (animal_name, drug_name, family, group_name, category_name, reference, specific_note, posology, route, dose) VALUES ('California sea lion', 'Butorphanol', 'Otariids', 'Pinnipeds', 'adult males up to 280 Kg', 'AWA', 'For anesthesia, with medetomidine (0.03 mg/kg) and midazolam (0.15 mg/kg), IM', '', 'IM', '0.1 mg/kg');
INSERT INTO Animal_has_Category (animal_name, drug_name, family, group_name, category_name, reference, specific_note, posology, route, dose) VALUES ('California sea lion', 'Butorphanol', 'Otariids', 'Pinnipeds', '', 'AWA', 'For anesthesia, with medetomidine (0.010-0.013 mg/kg) and midazolam (0.2-0.26 mg/kg), IM, followed by net and mask induction. ', '', 'IM', '0.2-0.4 mg/kg');
INSERT INTO Animal_has_Category (animal_name, drug_name, family, group_name, category_name, reference, specific_note, posology, route, dose) VALUES ('California sea lion', 'Butorphanol', 'Otariids', 'Pinnipeds', '', 'AWA', 'Reversal with naltrexone (0.1 mg/kg), atipamezole (0.05-0.06 mg/kg) and flumazenil (0.0002-0.002 mg/kg)', '', 'IM', '0.2-0.4 mg/kg');
INSERT INTO Animal_has_Category (animal_name, drug_name, family, group_name, category_name, reference, specific_note, posology, route, dose) VALUES ('Steller sea lion', 'Butorphanol', 'Otariids', 'Pinnipeds', 'female', 'AWA', 'For immobilization, with medetomidine (0.04-0.06 mg/kg) and midazolam (0.20-0.22 mg/kg), IM. ', '', 'IM', '0.13-0.15 mg/kg');
INSERT INTO Animal_has_Category (animal_name, drug_name, family, group_name, category_name, reference, specific_note, posology, route, dose) VALUES ('Steller sea lion', 'Butorphanol', 'Otariids', 'Pinnipeds', 'female', 'AWA', 'Reversal with naltrexone (0.15 mg/kg, IM)', '', 'IM', '0.13-0.15 mg/kg');
INSERT INTO Animal_has_Category (animal_name, drug_name, family, group_name, category_name, reference, specific_note, posology, route, dose) VALUES ('', 'Butorphanol', 'Phocids', 'Pinnipeds', '', 'AWA', 'For analgesia', 'QID', 'IV, IM, PO', '0.05-0.2 Mg/kg');
INSERT INTO Animal_has_Category (animal_name, drug_name, family, group_name, category_name, reference, specific_note, posology, route, dose) VALUES ('', 'Butorphanol', 'Phocids', 'Pinnipeds', '≤30 kg', 'FW8', 'For restraint and anaesthetic induction, with midazolam  (0.1 mg/kg, IV),Supplement isoflurane in oxygen by mask; intubate and control; or assist ventilation, as needed', '', 'IV', '0.1 mg/kg');
INSERT INTO Animal_has_Category (animal_name, drug_name, family, group_name, category_name, reference, specific_note, posology, route, dose) VALUES ('Harbor seal', 'Butorphanol', 'Phocids', 'Pinnipeds', '', 'CRC', 'For restraint', '', 'IM', '0.05-0.1 mg/kg');
INSERT INTO Animal_has_Category (animal_name, drug_name, family, group_name, category_name, reference, specific_note, posology, route, dose) VALUES ('Harbor seal', 'Butorphanol', 'Phocids', 'Pinnipeds', '', 'CRC', 'For endoscopic examination and muscle biopsioes.', '', 'IM', '0.4 mg/kg');
INSERT INTO Animal_has_Category (animal_name, drug_name, family, group_name, category_name, reference, specific_note, posology, route, dose) VALUES ('Harbor seal', 'Butorphanol', 'Phocids', 'Pinnipeds', '', 'CRC', 'Optionally, with diazepam (0.2 mg/kg, IM)', '', 'IM', '0.4 mg/kg');
INSERT INTO Animal_has_Category (animal_name, drug_name, family, group_name, category_name, reference, specific_note, posology, route, dose) VALUES ('Florida Manatee', 'Butorphanol', '', 'Other MM', '', 'FW8', 'For mild painful procedures, anesthetic induction. ', '', 'IV', '0.01-0.025 mg/kg');
INSERT INTO Animal_has_Category (animal_name, drug_name, family, group_name, category_name, reference, specific_note, posology, route, dose) VALUES ('Florida Manatee', 'Butorphanol', '', 'Other MM', '', 'FW8', 'In combination with diazepam (0.01-0.025 mg/kg, IV); give butorphanol 10 minutes prior to diazepam ', '', 'IV', '0.01-0.025 mg/kg');
INSERT INTO Animal_has_Category (animal_name, drug_name, family, group_name, category_name, reference, specific_note, posology, route, dose) VALUES ('Florida Manatee', 'Butorphanol', '', 'Other MM', '', 'FW8', 'For minor surgicalprocedures or anesthetic induction.', '', 'IV', '0.005-0.01 mg/kg ');
INSERT INTO Animal_has_Category (animal_name, drug_name, family, group_name, category_name, reference, specific_note, posology, route, dose) VALUES ('Florida Manatee', 'Butorphanol', '', 'Other MM', '', 'FW8', 'In combination with detomidine (0.0025-0.005 mg/kg, IV)', '', 'IV', '0.005-0.01 mg/kg ');
INSERT INTO Animal_has_Category (animal_name, drug_name, family, group_name, category_name, reference, specific_note, posology, route, dose) VALUES ('Florida Manatee', 'Butorphanol', '', 'Other MM', '', 'AWA', 'For heavier sedation, +/− intubation.', '', 'IM', '0.0085 mg/kg');
INSERT INTO Animal_has_Category (animal_name, drug_name, family, group_name, category_name, reference, specific_note, posology, route, dose) VALUES ('Florida Manatee', 'Butorphanol', '', 'Other MM', '', 'AWA', 'In combination with detomidine (0.0085 mg/kg, IM)', '', 'IM', '0.0085 mg/kg');
INSERT INTO Animal_has_Category (animal_name, drug_name, family, group_name, category_name, reference, specific_note, posology, route, dose) VALUES ('Florida Manatee', 'Butorphanol', '', 'Other MM', '', 'AWA', 'Optionally, midazolam (0.017 mg/kg, IV)', '', 'IM', '0.0085 mg/kg');
INSERT INTO Animal_has_Category (animal_name, drug_name, family, group_name, category_name, reference, specific_note, posology, route, dose) VALUES ('Florida Manatee', 'Butorphanol', '', 'Other MM', '', 'AWA', 'For anesthesia induction or for short procedures involving fractious individuals., with midazolam (0.1 mg/kg, IM).', '', 'IM', '0.04-0.06 mg/kg ');
INSERT INTO Animal_has_Category (animal_name, drug_name, family, group_name, category_name, reference, specific_note, posology, route, dose) VALUES ('Florida Manatee', 'Butorphanol', '', 'Other MM', '', 'AWA', 'For anesthesia induction in severely fractious individuals. With midazolam (0.1 mg/kg, IM). Warning: results in very deep sedation, use with caution.', '', 'IM', '0.1 mg/kg');
INSERT INTO Animal_has_Category (animal_name, drug_name, family, group_name, category_name, reference, specific_note, posology, route, dose) VALUES ('Sea otter', 'Butorphanol', '', 'Other MM', '', 'SAWYER 1996', 'For sedation to immobilization. 2nd dose could be needed', '', 'IM', '0.3 mg/kg');
INSERT INTO Animal_has_Category (animal_name, drug_name, family, group_name, category_name, reference, specific_note, posology, route, dose) VALUES ('Sea otter', 'Butorphanol', '', 'Other MM', '', 'SAWYER 1997', 'For restraint and anaesthetic induction, With diazepam (0.2 mg/kg, IM).', '', 'IM', '0.3 mg/kg');
INSERT INTO Animal_has_Category (animal_name, drug_name, family, group_name, category_name, reference, specific_note, posology, route, dose) VALUES ('Sea otter', 'Butorphanol', '', 'Other MM', '', 'SAWYER 1997', '2nd dose could be needed', '', 'IM', '0.3 mg/kg');
INSERT INTO Animal_has_Category (animal_name, drug_name, family, group_name, category_name, reference, specific_note, posology, route, dose) VALUES ('Sea otter', 'Butorphanol', '', 'Other MM', '', 'SAWYER 1998', 'For restraint and anaesthetic induction, with acepromazine (0.3 mg/kg, IM)', '', 'IM', '0.2 mg/kg');
INSERT INTO Animal_has_Category (animal_name, drug_name, family, group_name, category_name, reference, specific_note, posology, route, dose) VALUES ('Sea otter', 'Butorphanol', '', 'Other MM', '', 'SAWYER 1998', '2nd dose could be needed', '', 'IM', '0.2 mg/kg');
INSERT INTO Animal_has_Category (animal_name, drug_name, family, group_name, category_name, reference, specific_note, posology, route, dose) VALUES ('Sea otter', 'Butorphanol', '', 'Other MM', '', 'SAWYER 1999', 'For restraint and anaesthetic induction, with meperidine (9.6 mg/kg) and diazepam (0.21 mg(kg), IM. ', '', 'IM', '0.3 mg/kg');
INSERT INTO Animal_has_Category (animal_name, drug_name, family, group_name, category_name, reference, specific_note, posology, route, dose) VALUES ('Sea otter', 'Butorphanol', '', 'Other MM', '', 'SAWYER 1999', '2nd dose could be needed', '', 'IM', '0.3 mg/kg');
INSERT INTO Animal_has_Category (animal_name, drug_name, family, group_name, category_name, reference, specific_note, posology, route, dose) VALUES ('Asian small-dawed otter', 'Butorphanol', '', 'Other MM', '', 'FIORELLO 2014', 'For anestesia, with dexmedetomidine (0.03 mg/kg) and midazolam (0.15 mg/kg). ', '', 'IM', '0.2 mg/kg');
INSERT INTO Animal_has_Category (animal_name, drug_name, family, group_name, category_name, reference, specific_note, posology, route, dose) VALUES ('Asian small-dawed otter', 'Butorphanol', '', 'Other MM', '', 'FIORELLO 2014', 'Reversal with naltrexone (0.6 mg/kg) + atipamezole (0.2 mg/kg) + flumazenil (0.05 mg/kg) IM ', '', 'IM', '0.2 mg/kg');
INSERT INTO Animal_has_Category (animal_name, drug_name, family, group_name, category_name, reference, specific_note, posology, route, dose) VALUES ('Bottlenose dolphin', 'Ciprofloxacin', '', 'Cetaceans', '', 'CRC', '', 'BID', 'PO', '15-29 mg/kg');
INSERT INTO Animal_has_Category (animal_name, drug_name, family, group_name, category_name, reference, specific_note, posology, route, dose) VALUES ('Killer Whale', 'Ciprofloxacin', '', 'Cetaceans', '', 'CRC', '', 'BID', 'PO', '8-13 mg/kg');
INSERT INTO Animal_has_Category (animal_name, drug_name, family, group_name, category_name, reference, specific_note, posology, route, dose) VALUES ('Beluga Whale', 'Ciprofloxacin', '', 'Cetaceans', '', 'CRC', '', 'BID', 'PO', '6-9 mg/kg');
INSERT INTO Animal_has_Category (animal_name, drug_name, family, group_name, category_name, reference, specific_note, posology, route, dose) VALUES ('Walrus', 'Ciprofloxacin', 'Otariids', 'Pinnipeds', '', 'CRC', '', 'BID', 'PO', '7.5 mg/kg');
INSERT INTO Animal_has_Category (animal_name, drug_name, family, group_name, category_name, reference, specific_note, posology, route, dose) VALUES ('Harbor seal', 'Ciprofloxacin', 'Phocids', 'Pinnipeds', '', 'CRC', ' For keratitis treatment, with fluconazole and atropine', 'TID-QID', 'SUBPALPEBRAL', 'Lavado');
INSERT INTO Animal_has_Category (animal_name, drug_name, family, group_name, category_name, reference, specific_note, posology, route, dose) VALUES ('', 'Ciprofloxacin', '', 'Pinnipeds', '', 'FW5', '', 'BID', 'PO', '7.5 mg/kg');
INSERT INTO Animal_has_Category (animal_name, drug_name, family, group_name, category_name, reference, specific_note, posology, route, dose) VALUES ('', 'Diazepam', '', 'Cetaceans', '', 'FW8', 'IM diazepam is not absorbed as readily as midazolam and longer time to drug effect should be expected.', '', 'IM', '0.1-0.2 mg/kg');
INSERT INTO Animal_has_Category (animal_name, drug_name, family, group_name, category_name, reference, specific_note, posology, route, dose) VALUES ('', 'Diazepam', '', 'Cetaceans', '', 'FW8', 'Larger doses for research or for refractory animals to smaller doses', '', 'PO', '0.25-1.0 mg/kg');
INSERT INTO Animal_has_Category (animal_name, drug_name, family, group_name, category_name, reference, specific_note, posology, route, dose) VALUES ('', 'Diazepam', '', 'Cetaceans', '', 'SRM', '', '', 'IM', '0.15 g/kg');
INSERT INTO Animal_has_Category (animal_name, drug_name, family, group_name, category_name, reference, specific_note, posology, route, dose) VALUES ('', 'Diazepam', '', 'Cetaceans', '', 'SRM', '', '', 'PO', '0.2 mg/kg');
INSERT INTO Animal_has_Category (animal_name, drug_name, family, group_name, category_name, reference, specific_note, posology, route, dose) VALUES ('Dolphins (Tursiops truncatus)', 'Diazepam', '', 'Cetaceans', '', 'FW5', 'Reversal agent flumazenil (0.002-0.004 mg/kg)', '', 'PO', '0.15-0.2 mg/kg');
INSERT INTO Animal_has_Category (animal_name, drug_name, family, group_name, category_name, reference, specific_note, posology, route, dose) VALUES ('Dolphins, Atlantic bottlenose dolphins (Tursiops truncatus)', 'Diazepam', '', 'Cetaceans', '', 'CRC', '', '', 'PO', '0.2 mg/kg');
INSERT INTO Animal_has_Category (animal_name, drug_name, family, group_name, category_name, reference, specific_note, posology, route, dose) VALUES ('Dolphins (Tursiops truncatus)', 'Diazepam', '', 'Cetaceans', '', 'FW5', 'Reversal agent flumazenil (0.002-0.004 mg/kg)', '', 'IM', '0.2-0.3 mg/kg');
INSERT INTO Animal_has_Category (animal_name, drug_name, family, group_name, category_name, reference, specific_note, posology, route, dose) VALUES ('Dolphins, Atlantic bottlenose dolphins (Tursiops truncatus)', 'Diazepam', '', 'Cetaceans', '', 'CRC', '', '', 'IM', '0.11 mg/kg');
INSERT INTO Animal_has_Category (animal_name, drug_name, family, group_name, category_name, reference, specific_note, posology, route, dose) VALUES ('Killer whales (Orcinus orca)', 'Diazepam', '', 'Cetaceans', '', 'FW5', 'Reversal agent flumazenil (0.002 mg/kg IV, IM)', '', 'PO', '0.1 mg/kg');
INSERT INTO Animal_has_Category (animal_name, drug_name, family, group_name, category_name, reference, specific_note, posology, route, dose) VALUES ('Orcinus orca', 'Diazepam', '', 'Cetaceans', '', 'FW5', 'Reversal agent flumazenil (0.002 mg/kg IV, IM)', '', 'IM', '0.2 mg/kg');
INSERT INTO Animal_has_Category (animal_name, drug_name, family, group_name, category_name, reference, specific_note, posology, route, dose) VALUES ('Harbor seal (Phoca vitulina)', 'Diazepam', 'Phocids', 'Pinnipeds', '', 'FW5', '', '', 'IM', '0.2 mg/kg');
INSERT INTO Animal_has_Category (animal_name, drug_name, family, group_name, category_name, reference, specific_note, posology, route, dose) VALUES ('Grey seal (Halichoerus grypus)', 'Diazepam', 'Phocids', 'Pinnipeds', '', 'FW5', 'Low mortality with ketamine', '', 'IM', '0.3 mg/kg');
INSERT INTO Animal_has_Category (animal_name, drug_name, family, group_name, category_name, reference, specific_note, posology, route, dose) VALUES ('', 'Diazepam', 'Otariids', 'Pinnipeds', '', '', '', '', '', '');
INSERT INTO Animal_has_Category (animal_name, drug_name, family, group_name, category_name, reference, specific_note, posology, route, dose) VALUES ('Manatees (Florida Manatee, Trichechus manatus latirostris)', 'Diazepam', '', 'Other MM', '', 'FW8', 'For nonpainful diagnostics ', '', 'IV', '0.02-0.035 mg/kg');
INSERT INTO Animal_has_Category (animal_name, drug_name, family, group_name, category_name, reference, specific_note, posology, route, dose) VALUES ('Manatees (Florida Manatee, Trichechus manatus latirostris)', 'Diazepam', '', 'Other MM', '', 'FW8', 'In combination with butorphanol for mild to moderate painful procedure', '', 'IV', '0.01-0.025 mg/kg');
INSERT INTO Animal_has_Category (animal_name, drug_name, family, group_name, category_name, reference, specific_note, posology, route, dose) VALUES ('Manatees', 'Diazepam', '', 'Other MM', '', 'FW8', 'For tranquilization, lasts 60-90 minutes', '', 'IM', '0.066 mg/kg');
INSERT INTO Animal_has_Category (animal_name, drug_name, family, group_name, category_name, reference, specific_note, posology, route, dose) VALUES ('Polar bear', 'Diazepam', '', 'Other MM', '', 'FW8', 'Reversal agent flumazenil', '', 'IM', '0.13 mg/kg');
INSERT INTO Animal_has_Category (animal_name, drug_name, family, group_name, category_name, reference, specific_note, posology, route, dose) VALUES ('Sea otters', 'Diazepam', '', 'Other MM', '', 'CRC', 'Associated with meperidine (best combination tested)', '', 'IM', '0.22-0.55 mg/kg');
INSERT INTO Animal_has_Category (animal_name, drug_name, family, group_name, category_name, reference, specific_note, posology, route, dose) VALUES ('Killer whale', 'Fenbendazol', '', 'Cetaceans', '', 'SRM', '', '', 'PO', '11.0 mg/kg');
INSERT INTO Animal_has_Category (animal_name, drug_name, family, group_name, category_name, reference, specific_note, posology, route, dose) VALUES ('Killer whale', 'Fenbendazol', '', 'Cetaceans', '', 'Geraldine Lacave', '', '', '?', '5.0 mg/kg');
INSERT INTO Animal_has_Category (animal_name, drug_name, family, group_name, category_name, reference, specific_note, posology, route, dose) VALUES ('', 'Fenbendazol', '', 'Cetaceans', 'Small odontocetes', 'Geraldine Lacave', '', '', 'PO', '11.0 mg/kg');
INSERT INTO Animal_has_Category (animal_name, drug_name, family, group_name, category_name, reference, specific_note, posology, route, dose) VALUES ('', 'Fenbendazol', '', 'Cetaceans', 'Small odontocetes', 'FW5', '', '', 'PO', '11.0 mg/kg');
INSERT INTO Animal_has_Category (animal_name, drug_name, family, group_name, category_name, reference, specific_note, posology, route, dose) VALUES ('', 'Fenbendazol', '', 'Cetaceans', 'Small odontocetes', 'SRM', '', '', 'PO', '11.0 mg/kg');
INSERT INTO Animal_has_Category (animal_name, drug_name, family, group_name, category_name, reference, specific_note, posology, route, dose) VALUES ('Common bottlenose dolphin', 'Fenbendazol', '', 'Cetaceans', '', 'Geraldine Lacave', '', '', 'PO', '10.0 mg/kg');
INSERT INTO Animal_has_Category (animal_name, drug_name, family, group_name, category_name, reference, specific_note, posology, route, dose) VALUES ('Common bottlenose dolphin', 'Fenbendazol', '', 'Cetaceans', '', 'CRC - FW5', '', 'SID, 2 days', 'PO', '11.0 mg/kg');
INSERT INTO Animal_has_Category (animal_name, drug_name, family, group_name, category_name, reference, specific_note, posology, route, dose) VALUES ('Common bottlenose dolphin', 'Fenbendazol', '', 'Cetaceans', '', 'CRC - FW5', '', '', 'PO', '11.0 mg/kg');
INSERT INTO Animal_has_Category (animal_name, drug_name, family, group_name, category_name, reference, specific_note, posology, route, dose) VALUES ('Common bottlenose dolphin', 'Fenbendazol', '', 'Cetaceans', '', 'FW5', '', '', 'PO', '11.0 mg/kg');
INSERT INTO Animal_has_Category (animal_name, drug_name, family, group_name, category_name, reference, specific_note, posology, route, dose) VALUES ('Californian sea lion', 'Fenbendazol', 'Otariids', 'Pinnipeds', '', 'Geraldine Lacave', '', 'SID, 2 days', 'PO', '11.0 mg/kg');
INSERT INTO Animal_has_Category (animal_name, drug_name, family, group_name, category_name, reference, specific_note, posology, route, dose) VALUES ('Californian sea lion', 'Fenbendazol', 'Otariids', 'Pinnipeds', '', 'FW5', '', 'SID, 2 days', 'PO', '11.0 mg/kg');
INSERT INTO Animal_has_Category (animal_name, drug_name, family, group_name, category_name, reference, specific_note, posology, route, dose) VALUES ('Northern elephant seal', 'Fenbendazol', 'Phocids', 'Pinnipeds', '', 'FW5', '', 'SID, 2 days', 'PO', '11.0 mg/kg');
INSERT INTO Animal_has_Category (animal_name, drug_name, family, group_name, category_name, reference, specific_note, posology, route, dose) VALUES ('Manatees', 'Fenbendazol', '', 'Other MM', '', 'CRC - FW5', '', 'SID, 2 days', 'PO', '10.0 mg/kg');
INSERT INTO Animal_has_Category (animal_name, drug_name, family, group_name, category_name, reference, specific_note, posology, route, dose) VALUES ('Manatees', 'Fenbendazol', '', 'Other MM', '', 'CRC - FW5', '', '', 'PO', '10.0 mg/kg');
INSERT INTO Animal_has_Category (animal_name, drug_name, family, group_name, category_name, reference, specific_note, posology, route, dose) VALUES ('Polar bear', 'Fenbendazol', '', 'Other MM', '', 'CRC - FW5', '', 'SID, 2 days', 'PO', '10.0 mg/kg');
INSERT INTO Animal_has_Category (animal_name, drug_name, family, group_name, category_name, reference, specific_note, posology, route, dose) VALUES ('Beluga whale', 'Florfenicol', '', 'Cetaceans', '', 'FW5', 'Not to inyect < 20 mL/site', 'q.48.h.', 'IM', '20.0 mg/kg');
INSERT INTO Animal_has_Category (animal_name, drug_name, family, group_name, category_name, reference, specific_note, posology, route, dose) VALUES ('Common bottlenose dolphin', 'Florfenicol', '', 'Cetaceans', '', 'FW5', 'Not to inyect < 20 mL/site', 'q.48.h.', 'IM', '20.0 mg/kg');
INSERT INTO Animal_has_Category (animal_name, drug_name, family, group_name, category_name, reference, specific_note, posology, route, dose) VALUES ('Common bottlenose dolphin', 'Florfenicol', '', 'Cetaceans', '', 'CRC', 'Not to inyect < 20 mL/site', 'q.48.h.', 'IM', '20.0 mg/kg');
INSERT INTO Animal_has_Category (animal_name, drug_name, family, group_name, category_name, reference, specific_note, posology, route, dose) VALUES ('', 'Prednisolone', '', 'Cetaceans', '', 'CRC', 'Adjunt to ketoconazole, to reduce the impact of inappetence', 'SID', 'PO', '0.01 mg/kg');
INSERT INTO Animal_has_Category (animal_name, drug_name, family, group_name, category_name, reference, specific_note, posology, route, dose) VALUES ('', 'Prednisolone', '', 'Cetaceans', 'Small odontocetes', 'CRC', 'For treatment of shock', '', 'IM,IV', '1.0-10.0 mg/kg');
INSERT INTO Animal_has_Category (animal_name, drug_name, family, group_name, category_name, reference, specific_note, posology, route, dose) VALUES ('Bottlenose dolphin', 'Prednisolone', '', 'Cetaceans', '', 'FW5', '', '', 'IM,PO', '1.0-10.0 mg/kg');
INSERT INTO Animal_has_Category (animal_name, drug_name, family, group_name, category_name, reference, specific_note, posology, route, dose) VALUES ('Killer whale', 'Prednisolone', '', 'Cetaceans', '', 'FW5', '', '', 'IM,PO', '0.5-2.0 mg/kg');
INSERT INTO Animal_has_Category (animal_name, drug_name, family, group_name, category_name, reference, specific_note, posology, route, dose) VALUES ('', 'Prednisolone', '', 'Cetaceans', '', 'CRC', '', 'SID', 'IM,IV', '0.01 mg/kg');
INSERT INTO Animal_has_Category (animal_name, drug_name, family, group_name, category_name, reference, specific_note, posology, route, dose) VALUES ('Californian sea lion', 'Prednisolone', 'Otariids', 'Pinnipeds', '', 'CRC', '', '', 'IM,IV', '1-10 mg/kg');
INSERT INTO Animal_has_Category (animal_name, drug_name, family, group_name, category_name, reference, specific_note, posology, route, dose) VALUES ('Harbor seal', 'Prednisolone', 'Otariids', 'Pinnipeds', '', 'CRC', '', 'BID', '', '10 mg/kg');
INSERT INTO Animal_has_Category (animal_name, drug_name, family, group_name, category_name, reference, specific_note, posology, route, dose) VALUES ('Polar bear', 'Prednisolone', '', 'Other MM', '', 'CRC', 'For treatment of respiratory distress', 'SID', 'IM,IV', '1-5 mg/kg');
INSERT INTO Animal_has_Category (animal_name, drug_name, family, group_name, category_name, reference, specific_note, posology, route, dose) VALUES ('Polar bear', 'Prednisolone', '', 'Other MM', '', 'CRC', 'For treatment of allergies', 'SID', 'PO', '20 mg/kg');
INSERT INTO Therapeutic_Group (name) VALUES ('Choose a Therapeutic Target');
INSERT INTO Therapeutic_Group (name) VALUES ('Diuretics');
INSERT INTO Therapeutic_Group (name) VALUES ('Antidiarrheals, intestinal anti-inflammatory/antiinfective agents');
INSERT INTO Therapeutic_Group (name) VALUES ('Antibiotics and chemotherapeutics for dermatological use');
INSERT INTO Therapeutic_Group (name) VALUES ('Gynecological antiinfectives and antiseptics');
INSERT INTO Therapeutic_Group (name) VALUES ('Antiinfectives and antiseptics for intrauterine use');
INSERT INTO Therapeutic_Group (name) VALUES ('Antibacterials for systemic use');
INSERT INTO Therapeutic_Group (name) VALUES ('Ophtalmologicals');
INSERT INTO Therapeutic_Group (name) VALUES ('Otologicals');
INSERT INTO Therapeutic_Group (name) VALUES ('Ophtalmologicals and otologicals preparations');
INSERT INTO Therapeutic_Group (name) VALUES ('Analgesics');
INSERT INTO Therapeutic_Group (name) VALUES ('Cough and cold preparations');
INSERT INTO Therapeutic_Group (name) VALUES ('Ophthalmologicals and Otologicals');
INSERT INTO Therapeutic_Group (name) VALUES ('Psycholeptics');
INSERT INTO Therapeutic_Group (name) VALUES ('Anthelmintics');
INSERT INTO Therapeutic_Group (name) VALUES ('Intestinal antiinflammatory agents');
INSERT INTO Therapeutic_Group (name) VALUES ('Corticosteroids, dermatological preparations');
INSERT INTO Therapeutic_Group (name) VALUES ('Corticosteroids for systemic use');
INSERT INTO Therapeutic_Group (name) VALUES ('Decongestants and other nasal preparations for topical use');
INSERT INTO Therapeutic_Group (name) VALUES ('Antiinflamatory agents');
INSERT INTO Therapeutic_Group (name) VALUES ('Antibacterials for intramammary use');