INSERT INTO Drug (drug_name, description, available, license_AEMPS, license_EMA, license_FDA, priority) VALUES ('Furosemide', 'Loop diuretic to treat fluid retention', 'Yes', 'Nd', 'Nd', 'Yes', 2);
INSERT INTO Drug (drug_name, description, available, license_AEMPS, license_EMA, license_FDA, priority) VALUES ('Gentamicin', 'Aminoglycoside antibiotic to treat different infections mainly caused by Gram-', 'Yes', 'Yes', 'Yes', 'Yes', 1);
INSERT INTO Code (code_number, anatomic_group_name, therapeutic_group_name, drug_name) VALUES ('QC03CA01', 'therapeutic_group_name','therapeutic_group_name','Furosemide');
INSERT INTO Code (code_number, anatomic_group_name, therapeutic_group_name, drug_name) VALUES ('QA07AA91', 'QA Alimentary track and metabolism','Antidiarrheals, intestinal anti-inflammatory','Gentamicin');
INSERT INTO Code (code_number, anatomic_group_name, therapeutic_group_name, drug_name) VALUES ('QD06AX07', 'QD Dermatologicals','Antibiotics and chemotherapeutics for dermato','Gentamicin');
INSERT INTO Code (code_number, anatomic_group_name, therapeutic_group_name, drug_name) VALUES ('QG01AA91', 'QG Genito urinary system and sex hormones','Gynecological antiinfectives and antiseptics','Gentamicin');
INSERT INTO Code (code_number, anatomic_group_name, therapeutic_group_name, drug_name) VALUES ('QJ01GB03', 'QJ Antiinfectives for systemic use','Antiinfectives and antiseptics for intrauteri','Gentamicin');
INSERT INTO Code (code_number, anatomic_group_name, therapeutic_group_name, drug_name) VALUES ('QJ51GB03', 'QJ Antiinfectives for systemic use','Antibacterials for intrammary use','Gentamicin');
INSERT INTO Code (code_number, anatomic_group_name, therapeutic_group_name, drug_name) VALUES ('QS01AA11', 'QS Sensory organs','Ophtalmologicals','Gentamicin');
INSERT INTO Code (code_number, anatomic_group_name, therapeutic_group_name, drug_name) VALUES ('QS02AA14', 'QS Sensory organs','Otologicals','Gentamicin');
INSERT INTO Code (code_number, anatomic_group_name, therapeutic_group_name, drug_name) VALUES ('QS03AA06', 'QS Sensory organs','Ophtalmologicals and otologicals preparations','Gentamicin');
INSERT INTO Animal_Type (group_name) VALUES ('Cetaceans');
INSERT INTO Animal_Type (group_name) VALUES ('Pinnipeds');
INSERT INTO Animal_Type (group_name) VALUES ('Other MM');
INSERT INTO Animal (animal_name, family, group_name, drug_name) VALUES ('', '', 'Cetaceans', 'Furosemide');
INSERT INTO Animal (animal_name, family, group_name, drug_name) VALUES ('Bottlenose dolphins', '', 'Cetaceans', 'Furosemide');
INSERT INTO Animal (animal_name, family, group_name, drug_name) VALUES ('Californian sea lions', 'Otariids', 'Pinnipeds', 'Furosemide');
INSERT INTO Animal (animal_name, family, group_name, drug_name) VALUES ('Harbor seals', 'Phocids', 'Pinnipeds', 'Furosemide');
INSERT INTO Animal (animal_name, family, group_name, drug_name) VALUES ('Sea otters (Enhydra lutris)', '', 'Other MM', 'Furosemide');
INSERT INTO Animal (animal_name, family, group_name, drug_name) VALUES ('', '', 'Cetaceans', 'Gentamicin');
INSERT INTO Animal (animal_name, family, group_name, drug_name) VALUES ('', '', 'Pinnipeds', 'Gentamicin');
INSERT INTO Animal (animal_name, family, group_name, drug_name) VALUES ('Sirenians', '', 'Other MM', 'Gentamicin');
INSERT INTO Animal (animal_name, family, group_name, drug_name) VALUES ('Manatees', '', 'Other MM', 'Gentamicin');
INSERT INTO Animal (animal_name, family, group_name, drug_name) VALUES ('Sea otters', '', 'Other MM', 'Gentamicin');
INSERT INTO Animal (animal_name, family, group_name, drug_name) VALUES ('Florida manatees', '', 'Other MM', 'Gentamicin');
INSERT INTO Category (category_name) VALUES ('Small odontocetes');
INSERT INTO Category (category_name) VALUES ('General');
INSERT INTO Category (category_name) VALUES ('Pups');
INSERT INTO Category (category_name) VALUES ('Adults');
INSERT INTO Category (category_name) VALUES ('30-80 kg');
INSERT INTO Category (category_name) VALUES ('>80 kg');
INSERT INTO Category (category_name) VALUES ('adult males up to 280 Kg');
INSERT INTO Category (category_name) VALUES ('female');
INSERT INTO Category (category_name) VALUES ('≤30 kg');
INSERT INTO Category (category_name) VALUES ('');
INSERT INTO Drug_aplicated_to_Animal_Type (drug_name, group_name, general_note) VALUES ('Furosemide', 'Cetaceans', 'May increase ototoxicity and nephrotoxicity of cephalosporins (e.g. gentamicin)');
INSERT INTO Drug_aplicated_to_Animal_Type (drug_name, group_name, general_note) VALUES ('Furosemide', 'Cetaceans', 'Potassium depletion (if concurrent steroid administration consider alternative diuretic)');
INSERT INTO Drug_aplicated_to_Animal_Type (drug_name, group_name, general_note) VALUES ('Furosemide', 'Cetaceans', 'Increased renal loss of thiamine and pyridoxine');
INSERT INTO Drug_aplicated_to_Animal_Type (drug_name, group_name, general_note) VALUES ('Furosemide', 'Cetaceans', 'Extreme care with dehydrated animals (as some stranded)');
INSERT INTO Drug_aplicated_to_Animal_Type (drug_name, group_name, general_note) VALUES ('Furosemide', 'Pinnipeds', 'May increase ototoxicity and nephrotoxicity of cephalosporins (e.g. gentamicin)');
INSERT INTO Drug_aplicated_to_Animal_Type (drug_name, group_name, general_note) VALUES ('Furosemide', 'Pinnipeds', 'Potassium depletion (if concurrent steroid administration consider alternative diuretic)');
INSERT INTO Drug_aplicated_to_Animal_Type (drug_name, group_name, general_note) VALUES ('Furosemide', 'Pinnipeds', 'Increased renal loss of thiamine and pyridoxine');
INSERT INTO Drug_aplicated_to_Animal_Type (drug_name, group_name, general_note) VALUES ('Furosemide', 'Pinnipeds', 'Extreme care with dehydrated animals (as some stranded)');
INSERT INTO Drug_aplicated_to_Animal_Type (drug_name, group_name, general_note) VALUES ('Furosemide', 'Other MM', 'May increase ototoxicity and nephrotoxicity of cephalosporins (e.g. gentamicin)');
INSERT INTO Drug_aplicated_to_Animal_Type (drug_name, group_name, general_note) VALUES ('Furosemide', 'Other MM', 'Potassium depletion (if concurrent steroid administration consider alternative diuretic)');
INSERT INTO Drug_aplicated_to_Animal_Type (drug_name, group_name, general_note) VALUES ('Furosemide', 'Other MM', 'Increased renal loss of thiamine and pyridoxine');
INSERT INTO Drug_aplicated_to_Animal_Type (drug_name, group_name, general_note) VALUES ('Furosemide', 'Other MM', 'Extreme care with dehydrated animals (as some stranded)');
INSERT INTO Drug_aplicated_to_Animal_Type (drug_name, group_name, general_note) VALUES ('Gentamicin', 'Cetaceans', 'Ototoxicity and nephrotoxicity are common problems for its clinical use, consider alternative antibacterial');
INSERT INTO Drug_aplicated_to_Animal_Type (drug_name, group_name, general_note) VALUES ('Gentamicin', 'Cetaceans', 'Ototoxicity and nephrotoxicity caused by gentamicin can be increased by furosemide');
INSERT INTO Drug_aplicated_to_Animal_Type (drug_name, group_name, general_note) VALUES ('Gentamicin', 'Pinnipeds', 'Ototoxicity and nephrotoxicity are common problems for its clinical use, consider alternative antibacterial');
INSERT INTO Drug_aplicated_to_Animal_Type (drug_name, group_name, general_note) VALUES ('Gentamicin', 'Pinnipeds', 'Ototoxicity and nephrotoxicity caused by gentamicin can be increased by furosemide');
INSERT INTO Drug_aplicated_to_Animal_Type (drug_name, group_name, general_note) VALUES ('Gentamicin', 'Other MM', 'Ototoxicity and nephrotoxicity are common problems for its clinical use, consider alternative antibacterial');
INSERT INTO Animal_has_Category (animal_name, drug_name, family, group_name, category_name, book_reference, art_reference, specific_note, posology, route, dose) VALUES ('', 'Furosemide', '', 'Cetaceans', 'Small odontocetes', 'CRC', '', 'Consider reduce dose to transport', '', 'IM', '2.0-4.0 mg/kg');
INSERT INTO Animal_has_Category (animal_name, drug_name, family, group_name, category_name, book_reference, art_reference, specific_note, posology, route, dose) VALUES ('Bottlenose dolphins', 'Furosemide', '', 'Cetaceans', '', 'FW5', '', '', '', 'IM', '2.0-4.0 mg/kg');
INSERT INTO Animal_has_Category (animal_name, drug_name, family, group_name, category_name, book_reference, art_reference, specific_note, posology, route, dose) VALUES ('', 'Furosemide', '', 'Cetaceans', '', 'SRM', '', '', '', 'IM', '2.0-4.0 mg/kg');
INSERT INTO Animal_has_Category (animal_name, drug_name, family, group_name, category_name, book_reference, art_reference, specific_note, posology, route, dose) VALUES ('Californian sea lions', 'Furosemide', 'Otariids', 'Pinnipeds', '', 'CRC', '', '', 'BID', 'IM, IV, PO', 'up to 5.0 mg/kg');
INSERT INTO Animal_has_Category (animal_name, drug_name, family, group_name, category_name, book_reference, art_reference, specific_note, posology, route, dose) VALUES ('Harbor seals', 'Furosemide', 'Phocids', 'Pinnipeds', '', 'CRC', '', '', 'BID', 'IM, IV, PO', 'up to 5.0 mg/kg');
INSERT INTO Animal_has_Category (animal_name, drug_name, family, group_name, category_name, book_reference, art_reference, specific_note, posology, route, dose) VALUES ('Sea otters (Enhydra lutris)', 'Furosemide', '', 'Other MM', '', 'CRC', '', '', '', 'IM', '2.0 mg/kg');
INSERT INTO Animal_has_Category (animal_name, drug_name, family, group_name, category_name, book_reference, art_reference, specific_note, posology, route, dose) VALUES ('', 'Gentamicin', '', 'Cetaceans', '', 'CRC', '', 'Use with caution nephrotoxicity common', 'SID', 'IM', '4.0 mg/kg');
INSERT INTO Animal_has_Category (animal_name, drug_name, family, group_name, category_name, book_reference, art_reference, specific_note, posology, route, dose) VALUES ('', 'Gentamicin', '', 'Cetaceans', '', 'CRC', '', 'Use with caution nephrotoxicity common', '', 'IT', '1.1 mg/kg');
INSERT INTO Animal_has_Category (animal_name, drug_name, family, group_name, category_name, book_reference, art_reference, specific_note, posology, route, dose) VALUES ('', 'Gentamicin', '', 'Cetaceans', '', 'CRC', '', 'Use with caution nephrotoxicity common', 'BID', 'IM', '5.0 mg/kg');
INSERT INTO Animal_has_Category (animal_name, drug_name, family, group_name, category_name, book_reference, art_reference, specific_note, posology, route, dose) VALUES ('', 'Gentamicin', '', 'Cetaceans', '', 'CRC', '', 'Duodenitis treatment in rough toothed dolphin', 'TID', 'PO', '2.5 mg/kg');
INSERT INTO Animal_has_Category (animal_name, drug_name, family, group_name, category_name, book_reference, art_reference, specific_note, posology, route, dose) VALUES ('', 'Gentamicin', '', 'Pinnipeds', '', 'CRC', '', '', 'BID 2d then SID', 'IT', '0.75 mg/kg');
INSERT INTO Animal_has_Category (animal_name, drug_name, family, group_name, category_name, book_reference, art_reference, specific_note, posology, route, dose) VALUES ('Sirenians', 'Gentamicin', '', 'Other MM', '', 'CRC', '', '', 'SID', 'IM', '4.4 mg/kg');
INSERT INTO Animal_has_Category (animal_name, drug_name, family, group_name, category_name, book_reference, art_reference, specific_note, posology, route, dose) VALUES ('Manatees', 'Gentamicin', '', 'Other MM', '', 'CRC', '', 'Hemorrhagic colitis treatment adjunct to metronidazole', 'TID', 'PO', '2.5 mg/kg');
INSERT INTO Animal_has_Category (animal_name, drug_name, family, group_name, category_name, book_reference, art_reference, specific_note, posology, route, dose) VALUES ('Florida manatees', 'Gentamicin', '', 'Other MM', '', 'FW5', '', '', 'SID', 'IM', '1.0-2.0 mg/kg');
INSERT INTO Animal_has_Category (animal_name, drug_name, family, group_name, category_name, book_reference, art_reference, specific_note, posology, route, dose) VALUES ('Sea otters', 'Gentamicin', '', 'Other MM', 'General', 'CRC', '', 'Nephrotoxicity reported', 'BID', 'IM', '4.4 mg/kg');
INSERT INTO Animal_has_Category (animal_name, drug_name, family, group_name, category_name, book_reference, art_reference, specific_note, posology, route, dose) VALUES ('Sea otters', 'Gentamicin', '', 'Other MM', 'Pups', 'CRC', '', '', 'BID 5d', 'IM', '2.0 mg/kg');
INSERT INTO Animal_has_Category (animal_name, drug_name, family, group_name, category_name, book_reference, art_reference, specific_note, posology, route, dose) VALUES ('Sea otters', 'Gentamicin', '', 'Other MM', 'Adults', 'CRC', '', '', 'TID', 'IM', '2.0 mg/kg');
INSERT INTO Anatomic_Group (anatomic_group_name) VALUES ('Choose an Anatomical Target');
INSERT INTO Anatomic_Group (anatomic_group_name) VALUES ('QA Alimentary tract and metabolism');
INSERT INTO Anatomic_Group (anatomic_group_name) VALUES ('QB Blood and blood forming organs');
INSERT INTO Anatomic_Group (anatomic_group_name) VALUES ('QC Cardiovascular system');
INSERT INTO Anatomic_Group (anatomic_group_name) VALUES ('QD Dermatologicals');
INSERT INTO Anatomic_Group (anatomic_group_name) VALUES ('QG Genito urinary system and sex hormones');
INSERT INTO Anatomic_Group (anatomic_group_name) VALUES ('QH Systemic hormonal preparations, excl. sex hormones and insulins');
INSERT INTO Anatomic_Group (anatomic_group_name) VALUES ('QI Immunologicals');
INSERT INTO Anatomic_Group (anatomic_group_name) VALUES ('QJ Antiinfectives for systemic use');
INSERT INTO Anatomic_Group (anatomic_group_name) VALUES ('QL Antineoplastic and immunomodulating agents');
INSERT INTO Anatomic_Group (anatomic_group_name) VALUES ('QM Musculo-skeletal system');
INSERT INTO Anatomic_Group (anatomic_group_name) VALUES ('QN Nervous system');
INSERT INTO Anatomic_Group (anatomic_group_name) VALUES ('QP Antiparasitic products, insecticides and repellents');
INSERT INTO Anatomic_Group (anatomic_group_name) VALUES ('QR Respiratory system');
INSERT INTO Anatomic_Group (anatomic_group_name) VALUES ('QS Sensory organs');
INSERT INTO Anatomic_Group (anatomic_group_name) VALUES ('QV Various');
